iter	MAPE	RMSE
0	2.59026999	1318.070251
50	2.541311746	1288.461319
100	2.495769459	1261.176705
